2103127	oof_A_family_autopsy_mix_logistic.parquet
2084803	oof_A_family_autopsy_mix_random_forest.parquet
2424506	oof_A_family_overlap_profile_logistic.parquet
2413167	oof_A_family_overlap_profile_random_forest.parquet
2456710	oof_A_family_structural_logistic.parquet
2445490	oof_A_family_structural_random_forest.parquet
9078423	oof_A_spec_autopsy_mix_logistic.parquet
8983872	oof_A_spec_autopsy_mix_random_forest.parquet
10900953	oof_A_spec_overlap_profile_logistic.parquet
10554958	oof_A_spec_overlap_profile_random_forest.parquet
11088020	oof_A_spec_structural_logistic.parquet
10169756	oof_A_spec_structural_random_forest.parquet
18793661	oof_C_joint_autopsy_mix.parquet
22091327	oof_C_joint_overlap_profile.parquet
17293290	oof_C_joint_structural.parquet
3780375	oof_F27_sid_autopsy_mix_random_forest.parquet
3780090	oof_F27_sid_structural_random_forest.parquet
6405620	oof_F_rid22_autopsy_mix_logistic.parquet
6313505	oof_F_rid22_autopsy_mix_random_forest.parquet
7404765	oof_F_rid22_overlap_profile_logistic.parquet
7289951	oof_F_rid22_overlap_profile_random_forest.parquet
7476330	oof_F_rid22_structural_logistic.parquet
7138890	oof_F_rid22_structural_random_forest.parquet
3138514	oof_F_sid22_autopsy_mix_logistic.parquet
2632556	oof_F_sid22_autopsy_mix_random_forest.parquet
3705848	oof_F_sid22_overlap_profile_logistic.parquet
3179956	oof_F_sid22_overlap_profile_random_forest.parquet
3650548	oof_F_sid22_structural_logistic.parquet
2576291	oof_F_sid22_structural_random_forest.parquet
5874547	oof_G1_22_component_autopsy_mix.parquet
6774901	oof_G1_22_component_structural.parquet
5882564	oof_G1_22_unit_autopsy_mix.parquet
6777295	oof_G1_22_unit_structural.parquet
8849511	oof_G1_27_component_autopsy_mix.parquet
9924219	oof_G1_27_component_structural.parquet
8857347	oof_G1_27_unit_autopsy_mix.parquet
9946486	oof_G1_27_unit_structural.parquet
8947938	oof_J_loco_autopsy_mix.parquet
10095694	oof_J_loco_structural.parquet
1972125	oof_N1_rid_family.parquet
7091778	oof_N1_rid_spec22common.parquet
3166951	oof_N1_sid_spec22common.parquet
2412413	oof_N2_rid_family_mask.parquet
2410342	oof_N2_rid_family_nomask.parquet
10559810	oof_N2_rid_spec27_mask.parquet
10506573	oof_N2_rid_spec27_nomask.parquet
1658227	oof_Nmatch_family_autopsy_mix.parquet
2006807	oof_Nmatch_family_structural.parquet
5942809	oof_Nmatch_spec-22-common_autopsy_mix.parquet
6933013	oof_Nmatch_spec-22-common_structural.parquet
4069678	oof_Ocorpus_autopsy_mix_random_forest.parquet
4902228	oof_Ocorpus_overlap_profile_random_forest.parquet
4951416	oof_Ocorpus_structural_random_forest.parquet
278511	oof_g2_T1_T2_autopsy_mix.parquet
333361	oof_g2_T1_T2_structural.parquet
331532	oof_g2_T1_only.parquet
334884	oof_g2_T1_only_permuted.parquet
